{
  "cv_score": -0.16293347182681955,
  "test_rmse": 238869.61930790363,
  "test_mae": 90410.91715405043,
  "test_r2": 0.918832511941694
}